﻿<?xml version="1.0" encoding="utf-8"?>
<ArrayOfConsulta xmlns:xsi="http://www.w3.org/2001/XMLSchema-instance" xmlns:xsd="http://www.w3.org/2001/XMLSchema">
  <Consulta>
    <Id>1</Id>
    <PacienteId>0</PacienteId>
    <Paciente>
      <Id>1</Id>
      <Nome>Lucas Oliveira</Nome>
      <Email>lucas.oliveira@email.com</Email>
      <Telefone>11987654321</Telefone>
    </Paciente>
    <MedicoId>0</MedicoId>
    <Medico>
      <Id>1</Id>
      <Nome>Dr. Carlos Silva</Nome>
      <Especialidade>Cardiologia</Especialidade>
      <CRM>12345-SP</CRM>
    </Medico>
    <DataConsulta>2025-06-15T00:00:00</DataConsulta>
    <HoraConsulta>PT8H</HoraConsulta>
    <Realizada>false</Realizada>
  </Consulta>
  <Consulta>
    <Id>2</Id>
    <PacienteId>0</PacienteId>
    <Paciente>
      <Id>2</Id>
      <Nome>Mariana Costa</Nome>
      <Email>mariana.c@email.com</Email>
      <Telefone>21999887766</Telefone>
    </Paciente>
    <MedicoId>0</MedicoId>
    <Medico>
      <Id>1</Id>
      <Nome>Dr. Carlos Silva</Nome>
      <Especialidade>Cardiologia</Especialidade>
      <CRM>12345-SP</CRM>
    </Medico>
    <DataConsulta>2025-06-15T00:00:00</DataConsulta>
    <HoraConsulta>PT10H</HoraConsulta>
    <Realizada>false</Realizada>
  </Consulta>
  <Consulta>
    <Id>3</Id>
    <PacienteId>0</PacienteId>
    <Paciente>
      <Id>3</Id>
      <Nome>Rafael Santos</Nome>
      <Email>rafa.santos@email.com</Email>
      <Telefone>31988776655</Telefone>
    </Paciente>
    <MedicoId>0</MedicoId>
    <Medico>
      <Id>2</Id>
      <Nome>Dra. Ana Souza</Nome>
      <Especialidade>Dermatologia</Especialidade>
      <CRM>54321-SP</CRM>
    </Medico>
    <DataConsulta>2025-06-16T00:00:00</DataConsulta>
    <HoraConsulta>PT9H</HoraConsulta>
    <Realizada>false</Realizada>
  </Consulta>
  <Consulta>
    <Id>4</Id>
    <PacienteId>0</PacienteId>
    <Paciente>
      <Id>4</Id>
      <Nome>Juliana Almeida</Nome>
      <Email>ju.almeida@email.com</Email>
      <Telefone>41977665544</Telefone>
    </Paciente>
    <MedicoId>0</MedicoId>
    <Medico>
      <Id>1</Id>
      <Nome>Dr. Carlos Silva</Nome>
      <Especialidade>Cardiologia</Especialidade>
      <CRM>12345-SP</CRM>
    </Medico>
    <DataConsulta>2025-06-16T00:00:00</DataConsulta>
    <HoraConsulta>PT14H</HoraConsulta>
    <Realizada>false</Realizada>
  </Consulta>
  <Consulta>
    <Id>5</Id>
    <PacienteId>0</PacienteId>
    <Paciente>
      <Id>5</Id>
      <Nome>Pedro Henrique</Nome>
      <Email>ph.silva@email.com</Email>
      <Telefone>11966554433</Telefone>
    </Paciente>
    <MedicoId>0</MedicoId>
    <Medico>
      <Id>2</Id>
      <Nome>Dra. Ana Souza</Nome>
      <Especialidade>Dermatologia</Especialidade>
      <CRM>54321-SP</CRM>
    </Medico>
    <DataConsulta>2025-06-17T00:00:00</DataConsulta>
    <HoraConsulta>PT11H</HoraConsulta>
    <Realizada>false</Realizada>
  </Consulta>
  <Consulta>
    <Id>6</Id>
    <PacienteId>0</PacienteId>
    <Paciente>
      <Id>6</Id>
      <Nome>Amanda Ribeiro</Nome>
      <Email>amanda.r@email.com</Email>
      <Telefone>21955443322</Telefone>
    </Paciente>
    <MedicoId>0</MedicoId>
    <Medico>
      <Id>3</Id>
      <Nome>Dr. Marcos Oliveira</Nome>
      <Especialidade>Ortopedia</Especialidade>
      <CRM>98765-SP</CRM>
    </Medico>
    <DataConsulta>2025-06-17T00:00:00</DataConsulta>
    <HoraConsulta>PT15H</HoraConsulta>
    <Realizada>false</Realizada>
  </Consulta>
  <Consulta>
    <Id>7</Id>
    <PacienteId>0</PacienteId>
    <Paciente>
      <Id>7</Id>
      <Nome>Bruno Carvalho</Nome>
      <Email>bruno.c@email.com</Email>
      <Telefone>31944332211</Telefone>
    </Paciente>
    <MedicoId>0</MedicoId>
    <Medico>
      <Id>3</Id>
      <Nome>Dr. Marcos Oliveira</Nome>
      <Especialidade>Ortopedia</Especialidade>
      <CRM>98765-SP</CRM>
    </Medico>
    <DataConsulta>2025-06-18T00:00:00</DataConsulta>
    <HoraConsulta>PT8H</HoraConsulta>
    <Realizada>false</Realizada>
  </Consulta>
  <Consulta>
    <Id>8</Id>
    <PacienteId>0</PacienteId>
    <Paciente>
      <Id>8</Id>
      <Nome>Carolina Dias</Nome>
      <Email>carol.dias@email.com</Email>
      <Telefone>11933221100</Telefone>
    </Paciente>
    <MedicoId>0</MedicoId>
    <Medico>
      <Id>2</Id>
      <Nome>Dra. Ana Souza</Nome>
      <Especialidade>Dermatologia</Especialidade>
      <CRM>54321-SP</CRM>
    </Medico>
    <DataConsulta>2025-06-18T00:00:00</DataConsulta>
    <HoraConsulta>PT13H</HoraConsulta>
    <Realizada>false</Realizada>
  </Consulta>
  <Consulta>
    <Id>9</Id>
    <PacienteId>0</PacienteId>
    <Paciente>
      <Id>9</Id>
      <Nome>Daniel Martins</Nome>
      <Email>daniel.m@email.com</Email>
      <Telefone>21922110099</Telefone>
    </Paciente>
    <MedicoId>0</MedicoId>
    <Medico>
      <Id>1</Id>
      <Nome>Dr. Carlos Silva</Nome>
      <Especialidade>Cardiologia</Especialidade>
      <CRM>12345-SP</CRM>
    </Medico>
    <DataConsulta>2025-06-19T00:00:00</DataConsulta>
    <HoraConsulta>PT10H</HoraConsulta>
    <Realizada>false</Realizada>
  </Consulta>
  <Consulta>
    <Id>10</Id>
    <PacienteId>0</PacienteId>
    <Paciente>
      <Id>10</Id>
      <Nome>Eduarda Lima</Nome>
      <Email>duda.lima@email.com</Email>
      <Telefone>31911009988</Telefone>
    </Paciente>
    <MedicoId>0</MedicoId>
    <Medico>
      <Id>2</Id>
      <Nome>Dra. Ana Souza</Nome>
      <Especialidade>Dermatologia</Especialidade>
      <CRM>54321-SP</CRM>
    </Medico>
    <DataConsulta>2025-06-19T00:00:00</DataConsulta>
    <HoraConsulta>PT14H</HoraConsulta>
    <Realizada>false</Realizada>
  </Consulta>
  <Consulta>
    <Id>11</Id>
    <PacienteId>0</PacienteId>
    <Paciente>
      <Id>11</Id>
      <Nome>Felipe Nogueira</Nome>
      <Email>felipe.n@email.com</Email>
      <Telefone>11999887766</Telefone>
    </Paciente>
    <MedicoId>0</MedicoId>
    <Medico>
      <Id>3</Id>
      <Nome>Dr. Marcos Oliveira</Nome>
      <Especialidade>Ortopedia</Especialidade>
      <CRM>98765-SP</CRM>
    </Medico>
    <DataConsulta>2025-06-20T00:00:00</DataConsulta>
    <HoraConsulta>PT9H</HoraConsulta>
    <Realizada>false</Realizada>
  </Consulta>
  <Consulta>
    <Id>12</Id>
    <PacienteId>0</PacienteId>
    <Paciente>
      <Id>12</Id>
      <Nome>Gabriela Castro</Nome>
      <Email>gabi.castro@email.com</Email>
      <Telefone>21988776655</Telefone>
    </Paciente>
    <MedicoId>0</MedicoId>
    <Medico>
      <Id>1</Id>
      <Nome>Dr. Carlos Silva</Nome>
      <Especialidade>Cardiologia</Especialidade>
      <CRM>12345-SP</CRM>
    </Medico>
    <DataConsulta>2025-06-20T00:00:00</DataConsulta>
    <HoraConsulta>PT11H</HoraConsulta>
    <Realizada>false</Realizada>
  </Consulta>
  <Consulta>
    <Id>13</Id>
    <PacienteId>0</PacienteId>
    <Paciente>
      <Id>13</Id>
      <Nome>Henrique Souza</Nome>
      <Email>henrique.s@email.com</Email>
      <Telefone>31977665544</Telefone>
    </Paciente>
    <MedicoId>0</MedicoId>
    <Medico>
      <Id>2</Id>
      <Nome>Dra. Ana Souza</Nome>
      <Especialidade>Dermatologia</Especialidade>
      <CRM>54321-SP</CRM>
    </Medico>
    <DataConsulta>2025-06-21T00:00:00</DataConsulta>
    <HoraConsulta>PT15H</HoraConsulta>
    <Realizada>false</Realizada>
  </Consulta>
  <Consulta>
    <Id>14</Id>
    <PacienteId>0</PacienteId>
    <Paciente>
      <Id>14</Id>
      <Nome>Isabela Rocha</Nome>
      <Email>isa.rocha@email.com</Email>
      <Telefone>41966554433</Telefone>
    </Paciente>
    <MedicoId>0</MedicoId>
    <Medico>
      <Id>3</Id>
      <Nome>Dr. Marcos Oliveira</Nome>
      <Especialidade>Ortopedia</Especialidade>
      <CRM>98765-SP</CRM>
    </Medico>
    <DataConsulta>2025-06-22T00:00:00</DataConsulta>
    <HoraConsulta>PT10H</HoraConsulta>
    <Realizada>false</Realizada>
  </Consulta>
  <Consulta>
    <Id>15</Id>
    <PacienteId>0</PacienteId>
    <Paciente>
      <Id>15</Id>
      <Nome>João Victor</Nome>
      <Email>joao.v@email.com</Email>
      <Telefone>11955443322</Telefone>
    </Paciente>
    <MedicoId>0</MedicoId>
    <Medico>
      <Id>1</Id>
      <Nome>Dr. Carlos Silva</Nome>
      <Especialidade>Cardiologia</Especialidade>
      <CRM>12345-SP</CRM>
    </Medico>
    <DataConsulta>2025-06-22T00:00:00</DataConsulta>
    <HoraConsulta>PT14H</HoraConsulta>
    <Realizada>false</Realizada>
  </Consulta>
  <Consulta>
    <Id>16</Id>
    <PacienteId>0</PacienteId>
    <Paciente>
      <Id>16</Id>
      <Nome>Karina Mendes</Nome>
      <Email>karina.m@email.com</Email>
      <Telefone>21944332211</Telefone>
    </Paciente>
    <MedicoId>0</MedicoId>
    <Medico>
      <Id>2</Id>
      <Nome>Dra. Ana Souza</Nome>
      <Especialidade>Dermatologia</Especialidade>
      <CRM>54321-SP</CRM>
    </Medico>
    <DataConsulta>2025-06-23T00:00:00</DataConsulta>
    <HoraConsulta>PT9H</HoraConsulta>
    <Realizada>false</Realizada>
  </Consulta>
  <Consulta>
    <Id>17</Id>
    <PacienteId>0</PacienteId>
    <Paciente>
      <Id>17</Id>
      <Nome>Leonardo Torres</Nome>
      <Email>leo.torres@email.com</Email>
      <Telefone>31933221100</Telefone>
    </Paciente>
    <MedicoId>0</MedicoId>
    <Medico>
      <Id>3</Id>
      <Nome>Dr. Marcos Oliveira</Nome>
      <Especialidade>Ortopedia</Especialidade>
      <CRM>98765-SP</CRM>
    </Medico>
    <DataConsulta>2025-06-23T00:00:00</DataConsulta>
    <HoraConsulta>PT16H</HoraConsulta>
    <Realizada>false</Realizada>
  </Consulta>
  <Consulta>
    <Id>18</Id>
    <PacienteId>0</PacienteId>
    <Paciente>
      <Id>18</Id>
      <Nome>Marina Alves</Nome>
      <Email>marina.a@email.com</Email>
      <Telefone>41922110099</Telefone>
    </Paciente>
    <MedicoId>0</MedicoId>
    <Medico>
      <Id>1</Id>
      <Nome>Dr. Carlos Silva</Nome>
      <Especialidade>Cardiologia</Especialidade>
      <CRM>12345-SP</CRM>
    </Medico>
    <DataConsulta>2025-06-24T00:00:00</DataConsulta>
    <HoraConsulta>PT11H</HoraConsulta>
    <Realizada>false</Realizada>
  </Consulta>
  <Consulta>
    <Id>19</Id>
    <PacienteId>0</PacienteId>
    <Paciente>
      <Id>19</Id>
      <Nome>Nathan Costa</Nome>
      <Email>nathan.c@email.com</Email>
      <Telefone>11911009988</Telefone>
    </Paciente>
    <MedicoId>0</MedicoId>
    <Medico>
      <Id>2</Id>
      <Nome>Dra. Ana Souza</Nome>
      <Especialidade>Dermatologia</Especialidade>
      <CRM>54321-SP</CRM>
    </Medico>
    <DataConsulta>2025-06-24T00:00:00</DataConsulta>
    <HoraConsulta>PT15H</HoraConsulta>
    <Realizada>false</Realizada>
  </Consulta>
  <Consulta>
    <Id>20</Id>
    <PacienteId>0</PacienteId>
    <Paciente>
      <Id>20</Id>
      <Nome>Olivia Pereira</Nome>
      <Email>olivia.p@email.com</Email>
      <Telefone>21999887766</Telefone>
    </Paciente>
    <MedicoId>0</MedicoId>
    <Medico>
      <Id>3</Id>
      <Nome>Dr. Marcos Oliveira</Nome>
      <Especialidade>Ortopedia</Especialidade>
      <CRM>98765-SP</CRM>
    </Medico>
    <DataConsulta>2025-06-25T00:00:00</DataConsulta>
    <HoraConsulta>PT8H</HoraConsulta>
    <Realizada>false</Realizada>
  </Consulta>
  <Consulta>
    <Id>21</Id>
    <PacienteId>0</PacienteId>
    <Paciente>
      <Id>21</Id>
      <Nome>Paulo Ricardo</Nome>
      <Email>paulo.r@email.com</Email>
      <Telefone>31988776655</Telefone>
    </Paciente>
    <MedicoId>0</MedicoId>
    <Medico>
      <Id>1</Id>
      <Nome>Dr. Carlos Silva</Nome>
      <Especialidade>Cardiologia</Especialidade>
      <CRM>12345-SP</CRM>
    </Medico>
    <DataConsulta>2025-06-25T00:00:00</DataConsulta>
    <HoraConsulta>PT13H</HoraConsulta>
    <Realizada>false</Realizada>
  </Consulta>
  <Consulta>
    <Id>22</Id>
    <PacienteId>0</PacienteId>
    <Paciente>
      <Id>22</Id>
      <Nome>Quezia Fernandes</Nome>
      <Email>quezia.f@email.com</Email>
      <Telefone>41977665544</Telefone>
    </Paciente>
    <MedicoId>0</MedicoId>
    <Medico>
      <Id>2</Id>
      <Nome>Dra. Ana Souza</Nome>
      <Especialidade>Dermatologia</Especialidade>
      <CRM>54321-SP</CRM>
    </Medico>
    <DataConsulta>2025-06-26T00:00:00</DataConsulta>
    <HoraConsulta>PT10H</HoraConsulta>
    <Realizada>false</Realizada>
  </Consulta>
  <Consulta>
    <Id>23</Id>
    <PacienteId>0</PacienteId>
    <Paciente>
      <Id>23</Id>
      <Nome>Ricardo Moraes</Nome>
      <Email>ricardo.m@email.com</Email>
      <Telefone>11966554433</Telefone>
    </Paciente>
    <MedicoId>0</MedicoId>
    <Medico>
      <Id>3</Id>
      <Nome>Dr. Marcos Oliveira</Nome>
      <Especialidade>Ortopedia</Especialidade>
      <CRM>98765-SP</CRM>
    </Medico>
    <DataConsulta>2025-06-26T00:00:00</DataConsulta>
    <HoraConsulta>PT14H</HoraConsulta>
    <Realizada>false</Realizada>
  </Consulta>
  <Consulta>
    <Id>24</Id>
    <PacienteId>0</PacienteId>
    <Paciente>
      <Id>24</Id>
      <Nome>Sophia Gonçalves</Nome>
      <Email>sophia.g@email.com</Email>
      <Telefone>21955443322</Telefone>
    </Paciente>
    <MedicoId>0</MedicoId>
    <Medico>
      <Id>1</Id>
      <Nome>Dr. Carlos Silva</Nome>
      <Especialidade>Cardiologia</Especialidade>
      <CRM>12345-SP</CRM>
    </Medico>
    <DataConsulta>2025-06-27T00:00:00</DataConsulta>
    <HoraConsulta>PT9H</HoraConsulta>
    <Realizada>false</Realizada>
  </Consulta>
  <Consulta>
    <Id>25</Id>
    <PacienteId>0</PacienteId>
    <Paciente>
      <Id>25</Id>
      <Nome>Thiago Nunes</Nome>
      <Email>thiago.n@email.com</Email>
      <Telefone>31944332211</Telefone>
    </Paciente>
    <MedicoId>0</MedicoId>
    <Medico>
      <Id>2</Id>
      <Nome>Dra. Ana Souza</Nome>
      <Especialidade>Dermatologia</Especialidade>
      <CRM>54321-SP</CRM>
    </Medico>
    <DataConsulta>2025-06-27T00:00:00</DataConsulta>
    <HoraConsulta>PT16H</HoraConsulta>
    <Realizada>false</Realizada>
  </Consulta>
  <Consulta>
    <Id>26</Id>
    <PacienteId>0</PacienteId>
    <Paciente>
      <Id>26</Id>
      <Nome>Úrsula Lima</Nome>
      <Email>ursula.l@email.com</Email>
      <Telefone>41933221100</Telefone>
    </Paciente>
    <MedicoId>0</MedicoId>
    <Medico>
      <Id>3</Id>
      <Nome>Dr. Marcos Oliveira</Nome>
      <Especialidade>Ortopedia</Especialidade>
      <CRM>98765-SP</CRM>
    </Medico>
    <DataConsulta>2025-06-28T00:00:00</DataConsulta>
    <HoraConsulta>PT11H</HoraConsulta>
    <Realizada>false</Realizada>
  </Consulta>
  <Consulta>
    <Id>27</Id>
    <PacienteId>0</PacienteId>
    <Paciente>
      <Id>27</Id>
      <Nome>Vitor Hugo</Nome>
      <Email>vitor.h@email.com</Email>
      <Telefone>11922110099</Telefone>
    </Paciente>
    <MedicoId>0</MedicoId>
    <Medico>
      <Id>1</Id>
      <Nome>Dr. Carlos Silva</Nome>
      <Especialidade>Cardiologia</Especialidade>
      <CRM>12345-SP</CRM>
    </Medico>
    <DataConsulta>2025-06-28T00:00:00</DataConsulta>
    <HoraConsulta>PT15H</HoraConsulta>
    <Realizada>false</Realizada>
  </Consulta>
  <Consulta>
    <Id>28</Id>
    <PacienteId>0</PacienteId>
    <Paciente>
      <Id>28</Id>
      <Nome>Wanessa Castro</Nome>
      <Email>wanessa.c@email.com</Email>
      <Telefone>21911009988</Telefone>
    </Paciente>
    <MedicoId>0</MedicoId>
    <Medico>
      <Id>2</Id>
      <Nome>Dra. Ana Souza</Nome>
      <Especialidade>Dermatologia</Especialidade>
      <CRM>54321-SP</CRM>
    </Medico>
    <DataConsulta>2025-06-29T00:00:00</DataConsulta>
    <HoraConsulta>PT8H</HoraConsulta>
    <Realizada>false</Realizada>
  </Consulta>
  <Consulta>
    <Id>29</Id>
    <PacienteId>0</PacienteId>
    <Paciente>
      <Id>29</Id>
      <Nome>Xavier Martins</Nome>
      <Email>xavier.m@email.com</Email>
      <Telefone>31999887766</Telefone>
    </Paciente>
    <MedicoId>0</MedicoId>
    <Medico>
      <Id>3</Id>
      <Nome>Dr. Marcos Oliveira</Nome>
      <Especialidade>Ortopedia</Especialidade>
      <CRM>98765-SP</CRM>
    </Medico>
    <DataConsulta>2025-06-29T00:00:00</DataConsulta>
    <HoraConsulta>PT14H</HoraConsulta>
    <Realizada>false</Realizada>
  </Consulta>
  <Consulta>
    <Id>30</Id>
    <PacienteId>0</PacienteId>
    <Paciente>
      <Id>30</Id>
      <Nome>Yasmin Ribeiro</Nome>
      <Email>yasmin.r@email.com</Email>
      <Telefone>41988776655</Telefone>
    </Paciente>
    <MedicoId>0</MedicoId>
    <Medico>
      <Id>1</Id>
      <Nome>Dr. Carlos Silva</Nome>
      <Especialidade>Cardiologia</Especialidade>
      <CRM>12345-SP</CRM>
    </Medico>
    <DataConsulta>2025-06-30T00:00:00</DataConsulta>
    <HoraConsulta>PT10H</HoraConsulta>
    <Realizada>false</Realizada>
  </Consulta>
  <Consulta>
    <Id>31</Id>
    <PacienteId>0</PacienteId>
    <Paciente>
      <Id>1</Id>
      <Nome>Jos├® da Silva</Nome>
      <Email>temp@email.com</Email>
      <Telefone>000000000</Telefone>
    </Paciente>
    <MedicoId>0</MedicoId>
    <Medico>
      <Id>2</Id>
      <Nome>Dra. Ana Souza</Nome>
      <Especialidade>Dermatologia</Especialidade>
      <CRM>54321-SP</CRM>
    </Medico>
    <DataConsulta>2025-06-14T00:00:00</DataConsulta>
    <HoraConsulta>PT16H</HoraConsulta>
    <Realizada>false</Realizada>
  </Consulta>
  <Consulta>
    <Id>32</Id>
    <PacienteId>0</PacienteId>
    <Paciente>
      <Id>1</Id>
      <Nome>Jo├úo Marcos</Nome>
      <Email>temp@email.com</Email>
      <Telefone>000000000</Telefone>
    </Paciente>
    <MedicoId>0</MedicoId>
    <Medico>
      <Id>1</Id>
      <Nome>Dr. Carlos Silva</Nome>
      <Especialidade>Cardiologia</Especialidade>
      <CRM>12345-SP</CRM>
    </Medico>
    <DataConsulta>2025-06-14T00:00:00</DataConsulta>
    <HoraConsulta>PT13H</HoraConsulta>
    <Realizada>false</Realizada>
  </Consulta>
  <Consulta>
    <Id>33</Id>
    <PacienteId>0</PacienteId>
    <Paciente>
      <Id>1</Id>
      <Nome>Maria Clara</Nome>
      <Email>temp@email.com</Email>
      <Telefone>000000000</Telefone>
    </Paciente>
    <MedicoId>0</MedicoId>
    <Medico>
      <Id>2</Id>
      <Nome>Dra. Ana Souza</Nome>
      <Especialidade>Dermatologia</Especialidade>
      <CRM>54321-SP</CRM>
    </Medico>
    <DataConsulta>2025-06-14T00:00:00</DataConsulta>
    <HoraConsulta>PT18H</HoraConsulta>
    <Realizada>false</Realizada>
  </Consulta>
  <Consulta>
    <Id>34</Id>
    <PacienteId>0</PacienteId>
    <Paciente>
      <Id>1</Id>
      <Nome>Guilherme Silva</Nome>
      <Email>temp@email.com</Email>
      <Telefone>000000000</Telefone>
    </Paciente>
    <MedicoId>0</MedicoId>
    <Medico>
      <Id>2</Id>
      <Nome>Dra. Ana Souza</Nome>
      <Especialidade>Dermatologia</Especialidade>
      <CRM>54321-SP</CRM>
    </Medico>
    <DataConsulta>2025-08-11T00:00:00</DataConsulta>
    <HoraConsulta>PT15H</HoraConsulta>
    <Realizada>false</Realizada>
  </Consulta>
  <Consulta>
    <Id>35</Id>
    <PacienteId>0</PacienteId>
    <Paciente>
      <Id>1</Id>
      <Nome>Marcos Vinicius</Nome>
      <Email>temp@email.com</Email>
      <Telefone>000000000</Telefone>
    </Paciente>
    <MedicoId>0</MedicoId>
    <Medico>
      <Id>1</Id>
      <Nome>Dr. Carlos Silva</Nome>
      <Especialidade>Cardiologia</Especialidade>
      <CRM>12345-SP</CRM>
    </Medico>
    <DataConsulta>2025-06-14T00:00:00</DataConsulta>
    <HoraConsulta>PT15H</HoraConsulta>
    <Realizada>false</Realizada>
  </Consulta>
  <Consulta>
    <Id>36</Id>
    <PacienteId>0</PacienteId>
    <Paciente>
      <Id>1</Id>
      <Nome>Ian Perer</Nome>
      <Email>temp@email.com</Email>
      <Telefone>000000000</Telefone>
    </Paciente>
    <MedicoId>0</MedicoId>
    <Medico>
      <Id>2</Id>
      <Nome>Dra. Ana Souza</Nome>
      <Especialidade>Dermatologia</Especialidade>
      <CRM>54321-SP</CRM>
    </Medico>
    <DataConsulta>2025-06-14T00:00:00</DataConsulta>
    <HoraConsulta>PT17H</HoraConsulta>
    <Realizada>false</Realizada>
  </Consulta>
  <Consulta>
    <Id>37</Id>
    <PacienteId>0</PacienteId>
    <Paciente>
      <Id>1</Id>
      <Nome>Alderico Henrique </Nome>
      <Email>temp@email.com</Email>
      <Telefone>000000000</Telefone>
    </Paciente>
    <MedicoId>0</MedicoId>
    <Medico>
      <Id>3</Id>
      <Nome>Dr. Marcos Oliveira</Nome>
      <Especialidade>Ortopedia</Especialidade>
      <CRM>98765-SP</CRM>
    </Medico>
    <DataConsulta>2025-06-14T00:00:00</DataConsulta>
    <HoraConsulta>PT14H</HoraConsulta>
    <Realizada>false</Realizada>
  </Consulta>
  <Consulta>
    <Id>38</Id>
    <PacienteId>0</PacienteId>
    <Paciente>
      <Id>1</Id>
      <Nome>Nathalia Cristina </Nome>
      <Email>temp@email.com</Email>
      <Telefone>000000000</Telefone>
    </Paciente>
    <MedicoId>0</MedicoId>
    <Medico>
      <Id>3</Id>
      <Nome>Dr. Marcos Oliveira</Nome>
      <Especialidade>Ortopedia</Especialidade>
      <CRM>98765-SP</CRM>
    </Medico>
    <DataConsulta>2025-06-14T00:00:00</DataConsulta>
    <HoraConsulta>PT16H</HoraConsulta>
    <Realizada>false</Realizada>
  </Consulta>
  <Consulta>
    <Id>39</Id>
    <PacienteId>0</PacienteId>
    <Paciente>
      <Id>1</Id>
      <Nome>Luan Pereira</Nome>
      <Email>temp@email.com</Email>
      <Telefone>000000000</Telefone>
    </Paciente>
    <MedicoId>0</MedicoId>
    <Medico>
      <Id>1</Id>
      <Nome>Dr. Carlos Silva</Nome>
      <Especialidade>Cardiologia</Especialidade>
      <CRM>12345-SP</CRM>
    </Medico>
    <DataConsulta>2025-06-18T00:00:00</DataConsulta>
    <HoraConsulta>PT14H30M</HoraConsulta>
    <Realizada>false</Realizada>
  </Consulta>
  <Consulta>
    <Id>40</Id>
    <PacienteId>0</PacienteId>
    <Paciente>
      <Id>1</Id>
      <Nome>Nathalia Guimaraes</Nome>
      <Email>temp@email.com</Email>
      <Telefone>000000000</Telefone>
    </Paciente>
    <MedicoId>0</MedicoId>
    <Medico>
      <Id>3</Id>
      <Nome>Dr. Marcos Oliveira</Nome>
      <Especialidade>Ortopedia</Especialidade>
      <CRM>98765-SP</CRM>
    </Medico>
    <DataConsulta>2025-06-14T00:00:00</DataConsulta>
    <HoraConsulta>PT13H30M</HoraConsulta>
    <Realizada>false</Realizada>
  </Consulta>
  <Consulta>
    <Id>41</Id>
    <PacienteId>0</PacienteId>
    <Paciente>
      <Id>1</Id>
      <Nome>João Pedro Mota</Nome>
      <Email>temp@email.com</Email>
      <Telefone>000000000</Telefone>
    </Paciente>
    <MedicoId>0</MedicoId>
    <Medico>
      <Id>1</Id>
      <Nome>Dr. Carlos Silva</Nome>
      <Especialidade>Cardiologia</Especialidade>
      <CRM>12345-SP</CRM>
    </Medico>
    <DataConsulta>2025-06-15T00:00:00</DataConsulta>
    <HoraConsulta>PT13H30M</HoraConsulta>
    <Realizada>false</Realizada>
  </Consulta>
  <Consulta>
    <Id>42</Id>
    <PacienteId>0</PacienteId>
    <Paciente>
      <Id>1</Id>
      <Nome>Victor Sousa</Nome>
      <Email>temp@email.com</Email>
      <Telefone>000000000</Telefone>
    </Paciente>
    <MedicoId>0</MedicoId>
    <Medico>
      <Id>1</Id>
      <Nome>Dr. Carlos Silva</Nome>
      <Especialidade>Cardiologia</Especialidade>
      <CRM>12345-SP</CRM>
    </Medico>
    <DataConsulta>2025-06-15T00:00:00</DataConsulta>
    <HoraConsulta>PT14H</HoraConsulta>
    <Realizada>false</Realizada>
  </Consulta>
  <Consulta>
    <Id>43</Id>
    <PacienteId>0</PacienteId>
    <Paciente>
      <Id>1</Id>
      <Nome>Victor Sousa Frazao</Nome>
      <Email>temp@email.com</Email>
      <Telefone>000000000</Telefone>
    </Paciente>
    <MedicoId>0</MedicoId>
    <Medico>
      <Id>1</Id>
      <Nome>Dr. Carlos Silva</Nome>
      <Especialidade>Cardiologia</Especialidade>
      <CRM>12345-SP</CRM>
    </Medico>
    <DataConsulta>2025-06-22T00:00:00</DataConsulta>
    <HoraConsulta>PT15H30M</HoraConsulta>
    <Realizada>false</Realizada>
  </Consulta>
</ArrayOfConsulta>